start,end,startHour,endHour,duration
1634741403,1634744799,16:50:03,17:46:39,1896
1634746983,1634749479,18:23:03,19:04:39,2496
1634751724,1634753723,19:42:04,20:15:23,1999
1634755523,1634757331,20:45:23,21:15:31,1808
1634759601,1634761924,21:53:21,22:32:04,2323
1634764284,1634765645,23:11:24,23:34:05,1361
1634767997,1634770217,00:13:17,00:50:17,2220
1634772147,1634773974,01:22:27,01:52:54,1827
1634776211,1634777860,02:30:11,02:57:40,1649
1634779991,1634782183,03:33:11,04:09:43,2192
1634784368,1634785804,04:46:08,05:10:04,1436
1634787620,1634789659,05:40:20,06:14:19,2039
1634792005,1634793846,06:53:25,07:24:06,1841
1634796163,1634797717,08:02:43,08:28:37,1554
1634816463,1634819920,13:41:03,14:38:40,1671
1634883825,1634886005,08:23:45,09:00:05,2180
1634891428,1634893554,10:30:28,11:05:54,2126
1634897593,1634899041,12:13:13,12:37:21,1448
1634903016,1634904522,13:43:36,14:08:42,1506
1634908556,1634909825,15:15:56,15:37:05,1269
1634913579,1634915042,16:39:39,17:04:02,1463
1634919030,1634921514,18:10:30,18:51:54,2484
1634925458,1634927224,19:57:38,20:27:04,1766
1634931053,1634932401,21:30:53,21:53:21,1348
1634933977,1634935566,22:19:37,22:46:06,1446
1634939202,1634941499,23:46:42,00:24:59,2297
1634945259,1634946749,01:27:39,01:52:29,1490
1634950602,1634952710,02:56:42,03:31:50,2108
1634956782,1634958086,04:39:42,05:01:26,1304
1634962170,1634964331,06:09:30,06:45:31,2161
1634968407,1634969899,07:53:27,08:18:19,1492
1634974099,1634976212,09:28:19,10:03:32,2113
1634980066,1634981852,11:07:46,11:37:32,1786
1634985483,1634987099,12:38:03,13:04:59,1616
1634991177,1634992891,14:12:57,14:41:31,1714
1634994691,1634995763,15:11:31,15:29:23,1072
1634999610,1635000600,16:33:30,16:50:00,990
1635004553,1635005442,17:55:53,18:10:42,889
1635009436,1635010588,19:17:16,19:36:28,1152
1635014614,1635015297,20:43:34,20:54:57,683
1635020232,1635020421,22:17:12,22:20:21,189
1635024082,1635024265,23:21:22,23:24:25,183
1635028461,1635028642,00:34:21,00:37:22,181
1635032500,1635032853,01:41:40,01:47:33,353
1635036965,1635037164,02:56:05,02:59:24,199
1635040790,1635041043,03:59:50,04:04:03,253
1635044777,1635044974,05:06:17,05:09:34,197
1635048592,1635048760,06:09:52,06:12:40,168
1635052568,1635052713,07:16:08,07:18:33,145
1635056497,1635056663,08:21:37,08:24:23,166
1635060596,1635060786,09:29:56,09:33:06,190
1635064875,1635065097,10:41:15,10:44:57,222
1635069181,1635069423,11:53:01,11:57:03,242
1635073029,1635073187,12:57:09,12:59:47,158
1635077261,1635077464,14:07:41,14:11:04,203
1635079051,1635081140,14:37:31,15:12:20,2089
1635085029,1635087126,16:17:09,16:52:06,2097
1635090838,1635092524,17:53:58,18:22:04,1686
1635096464,1635098577,19:27:44,20:02:57,2113
1635102639,1635104318,21:10:39,21:38:38,1679
1635108364,1635110122,22:46:04,23:15:22,1758
1635113812,1635116081,00:16:52,00:54:41,2269
1635119889,1635121235,01:58:09,02:20:35,1346
1635125031,1635126246,03:23:51,03:44:06,1215
1635130008,1635132012,04:46:48,05:20:12,2004
1635135920,1635137379,06:25:20,06:49:39,1459
1635140984,1635142363,07:49:44,08:12:43,1379
1635146410,1635148137,09:20:10,09:48:57,1727
1635149186,1635150635,10:06:26,10:30:35,1449
1635154269,1635155399,11:31:09,11:49:59,1130
1635159578,1635161783,12:59:38,13:36:23,2205
1635165616,1635167350,14:40:16,15:09:10,1734